chrom1	start1	chrom2	start2	count
chrSynthetic	0	chrSynthetic	10000	93
chrSynthetic	0	chrSynthetic	20000	50
chrSynthetic	0	chrSynthetic	30000	60
chrSynthetic	0	chrSynthetic	40000	32
chrSynthetic	0	chrSynthetic	50000	27
chrSynthetic	0	chrSynthetic	60000	36
chrSynthetic	0	chrSynthetic	70000	29
chrSynthetic	0	chrSynthetic	80000	33
chrSynthetic	0	chrSynthetic	90000	25
chrSynthetic	0	chrSynthetic	100000	23
chrSynthetic	0	chrSynthetic	110000	26
chrSynthetic	0	chrSynthetic	120000	16
chrSynthetic	0	chrSynthetic	130000	28
chrSynthetic	0	chrSynthetic	140000	30
chrSynthetic	0	chrSynthetic	150000	33
chrSynthetic	0	chrSynthetic	160000	0
chrSynthetic	0	chrSynthetic	170000	1
chrSynthetic	0	chrSynthetic	180000	0
chrSynthetic	0	chrSynthetic	190000	3
chrSynthetic	0	chrSynthetic	200000	0
chrSynthetic	0	chrSynthetic	210000	1
chrSynthetic	0	chrSynthetic	220000	0
chrSynthetic	0	chrSynthetic	230000	0
chrSynthetic	0	chrSynthetic	240000	1
chrSynthetic	0	chrSynthetic	250000	1
chrSynthetic	0	chrSynthetic	260000	0
chrSynthetic	0	chrSynthetic	270000	1
chrSynthetic	0	chrSynthetic	280000	0
chrSynthetic	0	chrSynthetic	290000	1
chrSynthetic	0	chrSynthetic	300000	0
chrSynthetic	0	chrSynthetic	310000	2
chrSynthetic	10000	chrSynthetic	20000	125
chrSynthetic	10000	chrSynthetic	30000	110
chrSynthetic	10000	chrSynthetic	40000	62
chrSynthetic	10000	chrSynthetic	50000	41
chrSynthetic	10000	chrSynthetic	60000	57
chrSynthetic	10000	chrSynthetic	70000	47
chrSynthetic	10000	chrSynthetic	80000	51
chrSynthetic	10000	chrSynthetic	90000	49
chrSynthetic	10000	chrSynthetic	100000	34
chrSynthetic	10000	chrSynthetic	110000	38
chrSynthetic	10000	chrSynthetic	120000	32
chrSynthetic	10000	chrSynthetic	130000	24
chrSynthetic	10000	chrSynthetic	140000	41
chrSynthetic	10000	chrSynthetic	150000	60
chrSynthetic	10000	chrSynthetic	160000	0
chrSynthetic	10000	chrSynthetic	170000	1
chrSynthetic	10000	chrSynthetic	180000	2
chrSynthetic	10000	chrSynthetic	190000	2
chrSynthetic	10000	chrSynthetic	200000	1
chrSynthetic	10000	chrSynthetic	210000	0
chrSynthetic	10000	chrSynthetic	220000	1
chrSynthetic	10000	chrSynthetic	230000	0
chrSynthetic	10000	chrSynthetic	240000	0
chrSynthetic	10000	chrSynthetic	250000	0
chrSynthetic	10000	chrSynthetic	260000	2
chrSynthetic	10000	chrSynthetic	270000	0
chrSynthetic	10000	chrSynthetic	280000	1
chrSynthetic	10000	chrSynthetic	290000	2
chrSynthetic	10000	chrSynthetic	300000	0
chrSynthetic	10000	chrSynthetic	310000	1
chrSynthetic	20000	chrSynthetic	30000	117
chrSynthetic	20000	chrSynthetic	40000	56
chrSynthetic	20000	chrSynthetic	50000	38
chrSynthetic	20000	chrSynthetic	60000	40
chrSynthetic	20000	chrSynthetic	70000	32
chrSynthetic	20000	chrSynthetic	80000	43
chrSynthetic	20000	chrSynthetic	90000	31
chrSynthetic	20000	chrSynthetic	100000	29
chrSynthetic	20000	chrSynthetic	110000	23
chrSynthetic	20000	chrSynthetic	120000	24
chrSynthetic	20000	chrSynthetic	130000	20
chrSynthetic	20000	chrSynthetic	140000	17
chrSynthetic	20000	chrSynthetic	150000	35
chrSynthetic	20000	chrSynthetic	160000	1
chrSynthetic	20000	chrSynthetic	170000	1
chrSynthetic	20000	chrSynthetic	180000	0
chrSynthetic	20000	chrSynthetic	190000	0
chrSynthetic	20000	chrSynthetic	200000	1
chrSynthetic	20000	chrSynthetic	210000	1
chrSynthetic	20000	chrSynthetic	220000	1
chrSynthetic	20000	chrSynthetic	230000	0
chrSynthetic	20000	chrSynthetic	240000	0
chrSynthetic	20000	chrSynthetic	250000	0
chrSynthetic	20000	chrSynthetic	260000	0
chrSynthetic	20000	chrSynthetic	270000	0
chrSynthetic	20000	chrSynthetic	280000	0
chrSynthetic	20000	chrSynthetic	290000	1
chrSynthetic	20000	chrSynthetic	300000	1
chrSynthetic	20000	chrSynthetic	310000	0
chrSynthetic	30000	chrSynthetic	40000	89
chrSynthetic	30000	chrSynthetic	50000	72
chrSynthetic	30000	chrSynthetic	60000	66
chrSynthetic	30000	chrSynthetic	70000	35
chrSynthetic	30000	chrSynthetic	80000	55
chrSynthetic	30000	chrSynthetic	90000	43
chrSynthetic	30000	chrSynthetic	100000	42
chrSynthetic	30000	chrSynthetic	110000	34
chrSynthetic	30000	chrSynthetic	120000	29
chrSynthetic	30000	chrSynthetic	130000	25
chrSynthetic	30000	chrSynthetic	140000	27
chrSynthetic	30000	chrSynthetic	150000	44
chrSynthetic	30000	chrSynthetic	160000	2
chrSynthetic	30000	chrSynthetic	170000	1
chrSynthetic	30000	chrSynthetic	180000	1
chrSynthetic	30000	chrSynthetic	190000	1
chrSynthetic	30000	chrSynthetic	200000	0
chrSynthetic	30000	chrSynthetic	210000	0
chrSynthetic	30000	chrSynthetic	220000	1
chrSynthetic	30000	chrSynthetic	230000	0
chrSynthetic	30000	chrSynthetic	240000	1
chrSynthetic	30000	chrSynthetic	250000	0
chrSynthetic	30000	chrSynthetic	260000	2
chrSynthetic	30000	chrSynthetic	270000	1
chrSynthetic	30000	chrSynthetic	280000	1
chrSynthetic	30000	chrSynthetic	290000	0
chrSynthetic	30000	chrSynthetic	300000	1
chrSynthetic	30000	chrSynthetic	310000	2
chrSynthetic	40000	chrSynthetic	50000	56
chrSynthetic	40000	chrSynthetic	60000	46
chrSynthetic	40000	chrSynthetic	70000	40
chrSynthetic	40000	chrSynthetic	80000	34
chrSynthetic	40000	chrSynthetic	90000	36
chrSynthetic	40000	chrSynthetic	100000	26
chrSynthetic	40000	chrSynthetic	110000	31
chrSynthetic	40000	chrSynthetic	120000	20
chrSynthetic	40000	chrSynthetic	130000	15
chrSynthetic	40000	chrSynthetic	140000	25
chrSynthetic	40000	chrSynthetic	150000	30
chrSynthetic	40000	chrSynthetic	160000	1
chrSynthetic	40000	chrSynthetic	170000	1
chrSynthetic	40000	chrSynthetic	180000	0
chrSynthetic	40000	chrSynthetic	190000	0
chrSynthetic	40000	chrSynthetic	200000	0
chrSynthetic	40000	chrSynthetic	210000	0
chrSynthetic	40000	chrSynthetic	220000	1
chrSynthetic	40000	chrSynthetic	230000	2
chrSynthetic	40000	chrSynthetic	240000	0
chrSynthetic	40000	chrSynthetic	250000	0
chrSynthetic	40000	chrSynthetic	260000	1
chrSynthetic	40000	chrSynthetic	270000	0
chrSynthetic	40000	chrSynthetic	280000	0
chrSynthetic	40000	chrSynthetic	290000	0
chrSynthetic	40000	chrSynthetic	300000	0
chrSynthetic	40000	chrSynthetic	310000	0
chrSynthetic	50000	chrSynthetic	60000	74
chrSynthetic	50000	chrSynthetic	70000	37
chrSynthetic	50000	chrSynthetic	80000	47
chrSynthetic	50000	chrSynthetic	90000	31
chrSynthetic	50000	chrSynthetic	100000	526
chrSynthetic	50000	chrSynthetic	110000	33
chrSynthetic	50000	chrSynthetic	120000	20
chrSynthetic	50000	chrSynthetic	130000	26
chrSynthetic	50000	chrSynthetic	140000	24
chrSynthetic	50000	chrSynthetic	150000	34
chrSynthetic	50000	chrSynthetic	160000	0
chrSynthetic	50000	chrSynthetic	170000	0
chrSynthetic	50000	chrSynthetic	180000	0
chrSynthetic	50000	chrSynthetic	190000	2
chrSynthetic	50000	chrSynthetic	200000	1
chrSynthetic	50000	chrSynthetic	210000	1
chrSynthetic	50000	chrSynthetic	220000	0
chrSynthetic	50000	chrSynthetic	230000	1
chrSynthetic	50000	chrSynthetic	240000	1
chrSynthetic	50000	chrSynthetic	250000	0
chrSynthetic	50000	chrSynthetic	260000	1
chrSynthetic	50000	chrSynthetic	270000	1
chrSynthetic	50000	chrSynthetic	280000	1
chrSynthetic	50000	chrSynthetic	290000	0
chrSynthetic	50000	chrSynthetic	300000	1
chrSynthetic	50000	chrSynthetic	310000	1
chrSynthetic	60000	chrSynthetic	70000	84
chrSynthetic	60000	chrSynthetic	80000	65
chrSynthetic	60000	chrSynthetic	90000	82
chrSynthetic	60000	chrSynthetic	100000	64
chrSynthetic	60000	chrSynthetic	110000	33
chrSynthetic	60000	chrSynthetic	120000	33
chrSynthetic	60000	chrSynthetic	130000	32
chrSynthetic	60000	chrSynthetic	140000	34
chrSynthetic	60000	chrSynthetic	150000	54
chrSynthetic	60000	chrSynthetic	160000	2
chrSynthetic	60000	chrSynthetic	170000	0
chrSynthetic	60000	chrSynthetic	180000	2
chrSynthetic	60000	chrSynthetic	190000	1
chrSynthetic	60000	chrSynthetic	200000	1
chrSynthetic	60000	chrSynthetic	210000	1
chrSynthetic	60000	chrSynthetic	220000	0
chrSynthetic	60000	chrSynthetic	230000	0
chrSynthetic	60000	chrSynthetic	240000	1
chrSynthetic	60000	chrSynthetic	250000	1
chrSynthetic	60000	chrSynthetic	260000	0
chrSynthetic	60000	chrSynthetic	270000	0
chrSynthetic	60000	chrSynthetic	280000	1
chrSynthetic	60000	chrSynthetic	290000	3
chrSynthetic	60000	chrSynthetic	300000	0
chrSynthetic	60000	chrSynthetic	310000	1
chrSynthetic	70000	chrSynthetic	80000	93
chrSynthetic	70000	chrSynthetic	90000	86
chrSynthetic	70000	chrSynthetic	100000	74
chrSynthetic	70000	chrSynthetic	110000	47
chrSynthetic	70000	chrSynthetic	120000	33
chrSynthetic	70000	chrSynthetic	130000	33
chrSynthetic	70000	chrSynthetic	140000	45
chrSynthetic	70000	chrSynthetic	150000	42
chrSynthetic	70000	chrSynthetic	160000	0
chrSynthetic	70000	chrSynthetic	170000	0
chrSynthetic	70000	chrSynthetic	180000	0
chrSynthetic	70000	chrSynthetic	190000	1
chrSynthetic	70000	chrSynthetic	200000	1
chrSynthetic	70000	chrSynthetic	210000	0
chrSynthetic	70000	chrSynthetic	220000	2
chrSynthetic	70000	chrSynthetic	230000	1
chrSynthetic	70000	chrSynthetic	240000	1
chrSynthetic	70000	chrSynthetic	250000	1
chrSynthetic	70000	chrSynthetic	260000	2
chrSynthetic	70000	chrSynthetic	270000	0
chrSynthetic	70000	chrSynthetic	280000	0
chrSynthetic	70000	chrSynthetic	290000	2
chrSynthetic	70000	chrSynthetic	300000	0
chrSynthetic	70000	chrSynthetic	310000	0
chrSynthetic	80000	chrSynthetic	90000	124
chrSynthetic	80000	chrSynthetic	100000	85
chrSynthetic	80000	chrSynthetic	110000	58
chrSynthetic	80000	chrSynthetic	120000	47
chrSynthetic	80000	chrSynthetic	130000	30
chrSynthetic	80000	chrSynthetic	140000	48
chrSynthetic	80000	chrSynthetic	150000	60
chrSynthetic	80000	chrSynthetic	160000	3
chrSynthetic	80000	chrSynthetic	170000	1
chrSynthetic	80000	chrSynthetic	180000	0
chrSynthetic	80000	chrSynthetic	190000	0
chrSynthetic	80000	chrSynthetic	200000	0
chrSynthetic	80000	chrSynthetic	210000	0
chrSynthetic	80000	chrSynthetic	220000	0
chrSynthetic	80000	chrSynthetic	230000	0
chrSynthetic	80000	chrSynthetic	240000	1
chrSynthetic	80000	chrSynthetic	250000	0
chrSynthetic	80000	chrSynthetic	260000	0
chrSynthetic	80000	chrSynthetic	270000	1
chrSynthetic	80000	chrSynthetic	280000	1
chrSynthetic	80000	chrSynthetic	290000	1
chrSynthetic	80000	chrSynthetic	300000	0
chrSynthetic	80000	chrSynthetic	310000	1
chrSynthetic	90000	chrSynthetic	100000	110
chrSynthetic	90000	chrSynthetic	110000	73
chrSynthetic	90000	chrSynthetic	120000	62
chrSynthetic	90000	chrSynthetic	130000	49
chrSynthetic	90000	chrSynthetic	140000	56
chrSynthetic	90000	chrSynthetic	150000	63
chrSynthetic	90000	chrSynthetic	160000	0
chrSynthetic	90000	chrSynthetic	170000	0
chrSynthetic	90000	chrSynthetic	180000	1
chrSynthetic	90000	chrSynthetic	190000	1
chrSynthetic	90000	chrSynthetic	200000	2
chrSynthetic	90000	chrSynthetic	210000	0
chrSynthetic	90000	chrSynthetic	220000	2
chrSynthetic	90000	chrSynthetic	230000	0
chrSynthetic	90000	chrSynthetic	240000	3
chrSynthetic	90000	chrSynthetic	250000	0
chrSynthetic	90000	chrSynthetic	260000	0
chrSynthetic	90000	chrSynthetic	270000	2
chrSynthetic	90000	chrSynthetic	280000	1
chrSynthetic	90000	chrSynthetic	290000	3
chrSynthetic	90000	chrSynthetic	300000	1
chrSynthetic	90000	chrSynthetic	310000	1
chrSynthetic	100000	chrSynthetic	110000	103
chrSynthetic	100000	chrSynthetic	120000	73
chrSynthetic	100000	chrSynthetic	130000	42
chrSynthetic	100000	chrSynthetic	140000	58
chrSynthetic	100000	chrSynthetic	150000	68
chrSynthetic	100000	chrSynthetic	160000	2
chrSynthetic	100000	chrSynthetic	170000	1
chrSynthetic	100000	chrSynthetic	180000	0
chrSynthetic	100000	chrSynthetic	190000	0
chrSynthetic	100000	chrSynthetic	200000	2
chrSynthetic	100000	chrSynthetic	210000	1
chrSynthetic	100000	chrSynthetic	220000	0
chrSynthetic	100000	chrSynthetic	230000	0
chrSynthetic	100000	chrSynthetic	240000	0
chrSynthetic	100000	chrSynthetic	250000	0
chrSynthetic	100000	chrSynthetic	260000	1
chrSynthetic	100000	chrSynthetic	270000	2
chrSynthetic	100000	chrSynthetic	280000	3
chrSynthetic	100000	chrSynthetic	290000	0
chrSynthetic	100000	chrSynthetic	300000	0
chrSynthetic	100000	chrSynthetic	310000	0
chrSynthetic	110000	chrSynthetic	120000	92
chrSynthetic	110000	chrSynthetic	130000	42
chrSynthetic	110000	chrSynthetic	140000	60
chrSynthetic	110000	chrSynthetic	150000	66
chrSynthetic	110000	chrSynthetic	160000	1
chrSynthetic	110000	chrSynthetic	170000	1
chrSynthetic	110000	chrSynthetic	180000	2
chrSynthetic	110000	chrSynthetic	190000	3
chrSynthetic	110000	chrSynthetic	200000	3
chrSynthetic	110000	chrSynthetic	210000	0
chrSynthetic	110000	chrSynthetic	220000	0
chrSynthetic	110000	chrSynthetic	230000	0
chrSynthetic	110000	chrSynthetic	240000	0
chrSynthetic	110000	chrSynthetic	250000	4
chrSynthetic	110000	chrSynthetic	260000	1
chrSynthetic	110000	chrSynthetic	270000	1
chrSynthetic	110000	chrSynthetic	280000	2
chrSynthetic	110000	chrSynthetic	290000	2
chrSynthetic	110000	chrSynthetic	300000	1
chrSynthetic	110000	chrSynthetic	310000	1
chrSynthetic	120000	chrSynthetic	130000	70
chrSynthetic	120000	chrSynthetic	140000	50
chrSynthetic	120000	chrSynthetic	150000	75
chrSynthetic	120000	chrSynthetic	160000	0
chrSynthetic	120000	chrSynthetic	170000	1
chrSynthetic	120000	chrSynthetic	180000	0
chrSynthetic	120000	chrSynthetic	190000	0
chrSynthetic	120000	chrSynthetic	200000	1
chrSynthetic	120000	chrSynthetic	210000	0
chrSynthetic	120000	chrSynthetic	220000	1
chrSynthetic	120000	chrSynthetic	230000	1
chrSynthetic	120000	chrSynthetic	240000	1
chrSynthetic	120000	chrSynthetic	250000	0
chrSynthetic	120000	chrSynthetic	260000	1
chrSynthetic	120000	chrSynthetic	270000	1
chrSynthetic	120000	chrSynthetic	280000	1
chrSynthetic	120000	chrSynthetic	290000	0
chrSynthetic	120000	chrSynthetic	300000	0
chrSynthetic	120000	chrSynthetic	310000	1
chrSynthetic	130000	chrSynthetic	140000	80
chrSynthetic	130000	chrSynthetic	150000	79
chrSynthetic	130000	chrSynthetic	160000	1
chrSynthetic	130000	chrSynthetic	170000	0
chrSynthetic	130000	chrSynthetic	180000	2
chrSynthetic	130000	chrSynthetic	190000	1
chrSynthetic	130000	chrSynthetic	200000	1
chrSynthetic	130000	chrSynthetic	210000	1
chrSynthetic	130000	chrSynthetic	220000	1
chrSynthetic	130000	chrSynthetic	230000	1
chrSynthetic	130000	chrSynthetic	240000	1
chrSynthetic	130000	chrSynthetic	250000	0
chrSynthetic	130000	chrSynthetic	260000	0
chrSynthetic	130000	chrSynthetic	270000	1
chrSynthetic	130000	chrSynthetic	280000	0
chrSynthetic	130000	chrSynthetic	290000	2
chrSynthetic	130000	chrSynthetic	300000	0
chrSynthetic	130000	chrSynthetic	310000	2
chrSynthetic	140000	chrSynthetic	150000	184
chrSynthetic	140000	chrSynthetic	160000	2
chrSynthetic	140000	chrSynthetic	170000	0
chrSynthetic	140000	chrSynthetic	180000	1
chrSynthetic	140000	chrSynthetic	190000	5
chrSynthetic	140000	chrSynthetic	200000	0
chrSynthetic	140000	chrSynthetic	210000	1
chrSynthetic	140000	chrSynthetic	220000	1
chrSynthetic	140000	chrSynthetic	230000	1
chrSynthetic	140000	chrSynthetic	240000	4
chrSynthetic	140000	chrSynthetic	250000	1
chrSynthetic	140000	chrSynthetic	260000	1
chrSynthetic	140000	chrSynthetic	270000	1
chrSynthetic	140000	chrSynthetic	280000	2
chrSynthetic	140000	chrSynthetic	290000	2
chrSynthetic	140000	chrSynthetic	300000	0
chrSynthetic	140000	chrSynthetic	310000	0
chrSynthetic	150000	chrSynthetic	160000	6
chrSynthetic	150000	chrSynthetic	170000	3
chrSynthetic	150000	chrSynthetic	180000	1
chrSynthetic	150000	chrSynthetic	190000	3
chrSynthetic	150000	chrSynthetic	200000	1
chrSynthetic	150000	chrSynthetic	210000	0
chrSynthetic	150000	chrSynthetic	220000	3
chrSynthetic	150000	chrSynthetic	230000	3
chrSynthetic	150000	chrSynthetic	240000	0
chrSynthetic	150000	chrSynthetic	250000	1
chrSynthetic	150000	chrSynthetic	260000	2
chrSynthetic	150000	chrSynthetic	270000	1
chrSynthetic	150000	chrSynthetic	280000	3
chrSynthetic	150000	chrSynthetic	290000	1
chrSynthetic	150000	chrSynthetic	300000	0
chrSynthetic	150000	chrSynthetic	310000	2
chrSynthetic	160000	chrSynthetic	170000	66
chrSynthetic	160000	chrSynthetic	180000	79
chrSynthetic	160000	chrSynthetic	190000	75
chrSynthetic	160000	chrSynthetic	200000	60
chrSynthetic	160000	chrSynthetic	210000	28
chrSynthetic	160000	chrSynthetic	220000	38
chrSynthetic	160000	chrSynthetic	230000	38
chrSynthetic	160000	chrSynthetic	240000	33
chrSynthetic	160000	chrSynthetic	250000	20
chrSynthetic	160000	chrSynthetic	260000	41
chrSynthetic	160000	chrSynthetic	270000	32
chrSynthetic	160000	chrSynthetic	280000	51
chrSynthetic	160000	chrSynthetic	290000	39
chrSynthetic	160000	chrSynthetic	300000	28
chrSynthetic	160000	chrSynthetic	310000	24
chrSynthetic	170000	chrSynthetic	180000	64
chrSynthetic	170000	chrSynthetic	190000	56
chrSynthetic	170000	chrSynthetic	200000	42
chrSynthetic	170000	chrSynthetic	210000	32
chrSynthetic	170000	chrSynthetic	220000	29
chrSynthetic	170000	chrSynthetic	230000	32
chrSynthetic	170000	chrSynthetic	240000	32
chrSynthetic	170000	chrSynthetic	250000	17
chrSynthetic	170000	chrSynthetic	260000	29
chrSynthetic	170000	chrSynthetic	270000	30
chrSynthetic	170000	chrSynthetic	280000	36
chrSynthetic	170000	chrSynthetic	290000	30
chrSynthetic	170000	chrSynthetic	300000	11
chrSynthetic	170000	chrSynthetic	310000	26
chrSynthetic	180000	chrSynthetic	190000	124
chrSynthetic	180000	chrSynthetic	200000	76
chrSynthetic	180000	chrSynthetic	210000	34
chrSynthetic	180000	chrSynthetic	220000	46
chrSynthetic	180000	chrSynthetic	230000	50
chrSynthetic	180000	chrSynthetic	240000	58
chrSynthetic	180000	chrSynthetic	250000	20
chrSynthetic	180000	chrSynthetic	260000	32
chrSynthetic	180000	chrSynthetic	270000	44
chrSynthetic	180000	chrSynthetic	280000	40
chrSynthetic	180000	chrSynthetic	290000	33
chrSynthetic	180000	chrSynthetic	300000	20
chrSynthetic	180000	chrSynthetic	310000	27
chrSynthetic	190000	chrSynthetic	200000	139
chrSynthetic	190000	chrSynthetic	210000	70
chrSynthetic	190000	chrSynthetic	220000	59
chrSynthetic	190000	chrSynthetic	230000	71
chrSynthetic	190000	chrSynthetic	240000	73
chrSynthetic	190000	chrSynthetic	250000	26
chrSynthetic	190000	chrSynthetic	260000	34
chrSynthetic	190000	chrSynthetic	270000	59
chrSynthetic	190000	chrSynthetic	280000	56
chrSynthetic	190000	chrSynthetic	290000	43
chrSynthetic	190000	chrSynthetic	300000	33
chrSynthetic	190000	chrSynthetic	310000	30
chrSynthetic	200000	chrSynthetic	210000	76
chrSynthetic	200000	chrSynthetic	220000	83
chrSynthetic	200000	chrSynthetic	230000	82
chrSynthetic	200000	chrSynthetic	240000	80
chrSynthetic	200000	chrSynthetic	250000	19
chrSynthetic	200000	chrSynthetic	260000	31
chrSynthetic	200000	chrSynthetic	270000	48
chrSynthetic	200000	chrSynthetic	280000	59
chrSynthetic	200000	chrSynthetic	290000	46
chrSynthetic	200000	chrSynthetic	300000	24
chrSynthetic	200000	chrSynthetic	310000	30
chrSynthetic	210000	chrSynthetic	220000	68
chrSynthetic	210000	chrSynthetic	230000	56
chrSynthetic	210000	chrSynthetic	240000	76
chrSynthetic	210000	chrSynthetic	250000	17
chrSynthetic	210000	chrSynthetic	260000	24
chrSynthetic	210000	chrSynthetic	270000	37
chrSynthetic	210000	chrSynthetic	280000	25
chrSynthetic	210000	chrSynthetic	290000	34
chrSynthetic	210000	chrSynthetic	300000	26
chrSynthetic	210000	chrSynthetic	310000	39
chrSynthetic	220000	chrSynthetic	230000	120
chrSynthetic	220000	chrSynthetic	240000	104
chrSynthetic	220000	chrSynthetic	250000	29
chrSynthetic	220000	chrSynthetic	260000	37
chrSynthetic	220000	chrSynthetic	270000	42
chrSynthetic	220000	chrSynthetic	280000	71
chrSynthetic	220000	chrSynthetic	290000	51
chrSynthetic	220000	chrSynthetic	300000	25
chrSynthetic	220000	chrSynthetic	310000	43
chrSynthetic	230000	chrSynthetic	240000	148
chrSynthetic	230000	chrSynthetic	250000	45
chrSynthetic	230000	chrSynthetic	260000	58
chrSynthetic	230000	chrSynthetic	270000	59
chrSynthetic	230000	chrSynthetic	280000	100
chrSynthetic	230000	chrSynthetic	290000	59
chrSynthetic	230000	chrSynthetic	300000	40
chrSynthetic	230000	chrSynthetic	310000	45
chrSynthetic	240000	chrSynthetic	250000	73
chrSynthetic	240000	chrSynthetic	260000	77
chrSynthetic	240000	chrSynthetic	270000	70
chrSynthetic	240000	chrSynthetic	280000	99
chrSynthetic	240000	chrSynthetic	290000	74
chrSynthetic	240000	chrSynthetic	300000	22
chrSynthetic	240000	chrSynthetic	310000	44
chrSynthetic	250000	chrSynthetic	260000	48
chrSynthetic	250000	chrSynthetic	270000	56
chrSynthetic	250000	chrSynthetic	280000	62
chrSynthetic	250000	chrSynthetic	290000	41
chrSynthetic	250000	chrSynthetic	300000	18
chrSynthetic	250000	chrSynthetic	310000	26
chrSynthetic	260000	chrSynthetic	270000	107
chrSynthetic	260000	chrSynthetic	280000	110
chrSynthetic	260000	chrSynthetic	290000	82
chrSynthetic	260000	chrSynthetic	300000	33
chrSynthetic	260000	chrSynthetic	310000	57
chrSynthetic	270000	chrSynthetic	280000	178
chrSynthetic	270000	chrSynthetic	290000	120
chrSynthetic	270000	chrSynthetic	300000	47
chrSynthetic	270000	chrSynthetic	310000	64
chrSynthetic	280000	chrSynthetic	290000	217
chrSynthetic	280000	chrSynthetic	300000	81
chrSynthetic	280000	chrSynthetic	310000	110
chrSynthetic	290000	chrSynthetic	300000	100
chrSynthetic	290000	chrSynthetic	310000	134
chrSynthetic	300000	chrSynthetic	310000	111
